Name,Date,Persons,Phone,Email,Message,Status
"John Doe","2014-05-10 16:30:00","2","+1 234 567 8910","john@example.com","Lipsum dolor sit amet","Pending"
"Zoe Smith","2014-05-10 18:30:00","2","+1 234 567 8910","zoe@example.com","Veggie ipsum dolor","Confirmed"
"Zoe Smith","2014-05-10 18:30:00","2","+1 888 888 8888","zoe@example.com","Veggie ipsum dolor","Confirmed"
"Samira Grisham","2014-05-10 18:30:00","10","+1 999 9999 9999","samira@example.com","Veggie ipsum dolor sit amet carrot ipsum.","Pending"
"Woodrow Utz","2014-05-10 18:30:00","10","+1 999 9999 9999","woodrow@example.com","Veggie ipsum dolor sit amet carrot ipsum.","Pending"
"Mavis Weis","2014-05-10 18:30:00","10","+1 999 9999 9999","mavis@example.com","Veggie ipsum dolor sit amet carrot ipsum.","Cancelled"
"Dara Bucklew","2014-05-10 18:30:00","10","+1 999 9999 9999","dara@example.com","Veggie ipsum dolor sit amet carrot ipsum.","Pending"
"Ignacia Walk","2014-05-10 18:30:00","10","+1 999 9999 9999","ignacia@example.com","Veggie ipsum dolor sit amet carrot ipsum.","Cancelled"
"Kristian Eklund","2014-05-10 18:30:00","10","+1 999 9999 9999","kristian@example.com","Veggie ipsum dolor sit amet carrot ipsum.","Confirmed"
"Delores Nolin","2014-05-10 18:30:00","10","+1 999 9999 9999","delores@example.com","Veggie ipsum dolor sit amet carrot ipsum.","Pending"
"Ernest Keltz","2014-05-10 18:30:00","10","+1 999 9999 9999","ernest@example.com","Veggie ipsum dolor sit amet carrot ipsum.","Pending"
"Ana Sherrow","2014-05-10 18:30:00","10","+1 999 9999 9999","ana@example.com","Veggie ipsum dolor sit amet carrot ipsum.","Pending"
"Agnus Hillhouse","2014-05-10 18:30:00","10","+1 999 9999 9999","agnus@example.com","Veggie ipsum dolor sit amet carrot ipsum.","Confirmed"
"Deedra Modica","2014-05-10 18:30:00","10","+1 999 9999 9999","deedra@example.com","Veggie ipsum dolor sit amet carrot ipsum.","Confirmed"
"Glynda Lazard","2014-05-10 18:30:00","10","+1 999 9999 9999","glyndra@example.com","Veggie ipsum dolor sit amet carrot ipsum.","Cancelled"
"Robena Screws","2014-05-10 18:30:00","10","+1 999 9999 9999","robena@example.com","Veggie ipsum dolor sit amet carrot ipsum.","Cancelled"
"Belva Markham","2014-05-10 18:30:00","10","+1 999 9999 9999","belva@example.com","Veggie ipsum dolor sit amet carrot ipsum.","Pending"
"Jenell Eskridge","2014-05-10 18:30:00","10","+1 999 9999 9999","jenell@example.com","Veggie ipsum dolor sit amet carrot ipsum.","Confirmed"
"Josiah Thacker","2014-05-10 18:30:00","10","+1 999 9999 9999","josiah@example.com","Veggie ipsum dolor sit amet carrot ipsum.","Pending"
"Maisha Ohara","2014-05-10 18:30:00","10","+1 999 9999 9999","maisha@example.com","Veggie ipsum dolor sit amet carrot ipsum.","Cancelled"
"Horace Cahall","2014-05-10 18:30:00","10","+1 999 9999 9999","horace@example.com","Veggie ipsum dolor sit amet carrot ipsum.","Pending"
"Evelina Ve","2014-05-10 18:30:00","10","+1 999 9999 9999","evelina@example.com","Veggie ipsum dolor sit amet carrot ipsum.","Pending"
